https://www.hotpepper.jp/strJ001238805/?vos=nhppalsa000016,塊肉チーズ×イタリアン Grill Mart - グリルマート - 三宮店,050-5258-2727,2001～3000円,https://imgfp.hotp.jp/IMGH/97/50/P035419750/P035419750_69.jpg,0,6,イタリアン・フレンチ,当店イチオシ！1番人気♪【窯焼き風ピッツァから選べるパスタなど全9品】2時間飲み放題付⇒,"3,480"
https://www.hotpepper.jp/strJ001152763/?vos=nhppalsa000016,罠:TRAPPOLA (トラッポーラ),050-5283-6668,3001～4000円,https://imgfp.hotp.jp/IMGH/02/25/P025150225/P025150225_69.jpg,0,45,ダイニングバー・バル,【テイクアウトの罠】貯めたポイントを使って前日までのNET予約でお得にテイクアウト♪,0
https://www.hotpepper.jp/strJ000020003/?vos=nhppalsa000016,神戸イタリアン&ワイン　クレイド,050-5284-8957,4001～5000円,https://imgfp.hotp.jp/IMGH/38/34/P001003834/P001003834_69.jpg,0,29,イタリアン・フレンチ,大人気！【クレイドディナーコースA】神戸・兵庫の美味しい素材をコーススタイルで,"4,180"
https://www.hotpepper.jp/strJ001266914/?vos=nhppalsa000016,原価ビストロ　チーズプラス　神戸三ノ宮店,050-5572-1121,3001～4000円,https://imgfp.hotp.jp/IMGH/03/77/P037620377/P037620377_69.jpg,0,0,イタリアン・フレンチ,【原価ビストロクオリティー】驚安2ｈ単品飲み放題600円,660
https://www.hotpepper.jp/strJ000972517/?vos=nhppalsa000016,Bistrot UESHIMA,050-5834-2127,3001～4000円,https://imgfp.hotp.jp/IMGH/94/77/P013729477/P013729477_69.jpg,0,43,イタリアン・フレンチ,【4月限定企画】2～8名限定のフレンチ和牛コース 全8品飲み放題付5000円⇒4000円,"4,000"
https://www.hotpepper.jp/strJ000829566/?vos=nhppalsa000016,Cafeterrace & Bistrobar Mark Place,050-5841-5783,5001～7000円,https://imgfp.hotp.jp/IMGH/54/73/P026575473/P026575473_69.jpg,0,18,イタリアン・フレンチ,"【記念日】イタリアン・ディナー☆お二人様で11,000円【乾杯スパークリング付】","11,000"
https://www.hotpepper.jp/strJ000853190/?vos=nhppalsa000016,KOBE 元町バル Charlie （チャーリー）,050-5283-2873,2001～3000円,https://imgfp.hotp.jp/IMGH/65/01/P024696501/P024696501_69.jpg,0,26,ダイニングバー・バル,旬素材のメニュー×ホールケーキでサプライズ！全14品【ベリーベリーコース】120分飲放付4000円,"4,000"
https://www.hotpepper.jp/strJ001234716/?vos=nhppalsa000016,肉とチーズのバル　MEAT HOLIC,050-5451-3656,3001～4000円,https://imgfp.hotp.jp/IMGH/25/79/P036472579/P036472579_69.jpg,0,9,居酒屋,席のみ予約,0
https://www.hotpepper.jp/strJ001194987/?vos=nhppalsa000016,クラフトビール×夜景×チーズ肉バル　ＧＡＲＤＥＮ　三宮,050-5347-0830,3001～4000円,https://imgfp.hotp.jp/IMGH/57/75/P030085775/P030085775_69.jpg,0,7,居酒屋,【営業再開記念！】500キャンぺーン♪⇒1時間飲み放題500円でご提供！飲み放題+アラカルトプラン,500
https://www.hotpepper.jp/strJ001041790/?vos=nhppalsa000016,THE ROOFTOP CAFE,050-5877-7134,3001～4000円,https://imgfp.hotp.jp/IMGH/07/01/P037120701/P037120701_69.jpg,0,51,イタリアン・フレンチ,《ロティサリーチキンがメイン》シェアコース 2H飲み放題付きプラン4000円（税込）,"4,000"
https://www.hotpepper.jp/strJ001145016/?vos=nhppalsa000016,肉バル×イタリアン　ＣＯＬＯＲＥ,050-5887-9827,3001～4000円,https://imgfp.hotp.jp/IMGH/29/37/P024722937/P024722937_69.jpg,0,12,イタリアン・フレンチ,ボリューム満点A5ランク神戸牛ステーキなど【飲み放題付】スタンダードコース4000円,"4,000"
https://www.hotpepper.jp/strJ001215477/?vos=nhppalsa000016,貸切×食べ飲み放題×肉バル Restaurant MARC 三宮,050-5453-5473,2001～3000円,https://imgfp.hotp.jp/IMGH/28/59/P037012859/P037012859_69.jpg,0,0,ダイニングバー・バル,2Ｈ食飲み放題★居酒屋×イタリアン全100種超3500円⇒2980円(+税),"2,980"
https://www.hotpepper.jp/strJ001267132/?vos=nhppalsa000016,個室　鶏＆チーズバル　ToRichi トリッチ　三宮店,050-5280-8714,2001～3000円,https://imgfp.hotp.jp/IMGH/99/99/P035419999/P035419999_69.jpg,0,0,イタリアン・フレンチ,お得！肉×チーズ女子会プラン♪【熟成ローストビーフフォンデュ食べ放題コース】全6品⇒3480円,"2,480"
https://www.hotpepper.jp/strJ001177147/?vos=nhppalsa000016,肉バル×貸切×食べ飲み放題　Helianthas　三宮,050-5453-5484,3001～4000円,https://imgfp.hotp.jp/IMGH/28/90/P037012890/P037012890_69.jpg,0,1,ダイニングバー・バル,【居酒屋×イタリアン】ポピュラー食べ飲み放題全100種超食べ飲み放題4000円⇒3500円税込,"3,500"
https://www.hotpepper.jp/strJ001187018/?vos=nhppalsa000016,《個室》肉もチーズも全バルMENU 時間無制限 食べ飲み放題 YOKUBALU 姫路駅前店,050-5223-1431,3001～4000円,https://imgfp.hotp.jp/IMGH/62/15/P029066215/P029066215_69.jpg,0,11,居酒屋,先着3組様【食べ飲み放題】《120分★125種食べ放題＆飲み放題3280円》新登場クアトロ焼きチーズ,"3,280"
https://www.hotpepper.jp/strJ001265499/?vos=nhppalsa000016,夜景ダイニング×肉バル　三宮テラス　三宮本店,050-5265-7197,2001～3000円,0,0,0,イタリアン・フレンチ,濃厚チーズと甘辛チキンの融合♪【UFOチョアチキン食べ放題コース】全5品3480円⇒,"2,480"
https://www.hotpepper.jp/strJ001100649/?vos=nhppalsa000016,淡路の魚と淡路牛　Cucina　otto,050-5257-8881,4001～5000円,https://imgfp.hotp.jp/IMGH/98/22/P020209822/P020209822_69.jpg,0,29,イタリアン・フレンチ,【2時間飲放付】メッセージホールケーキ付♪鯛の香草焼/淡路牛タリアータ『anniversaryコース』,"5,000"
https://www.hotpepper.jp/strJ000989340/?vos=nhppalsa000016,Don CIELO （ドンシエロ）,050-5368-5097,4001～5000円,0,0,7,ダイニングバー・バル,【乾杯ボトルシャンパン付き】特別な1日を…♪～Anniversaryコース～7000円⇒6500円,"6,500"
https://www.hotpepper.jp/strJ001238546/?vos=nhppalsa000016,Pizza House イタリコ 大丸神戸店,050-5258-2568,1501～2000円,https://imgfp.hotp.jp/IMGH/41/32/P035144132/P035144132_69.jpg,0,23,イタリアン・フレンチ,【ランチセット】選べる窯焼きピッツァorパスタ＆前菜サラダ・ドリンクバーセット！,"1,980"
https://www.hotpepper.jp/strJ001187134/?vos=nhppalsa000016,PUBLIC BALPACINO／パブリック バルパチーノ,050-5223-4600,2001～3000円,https://imgfp.hotp.jp/IMGH/77/39/P028917739/P028917739_69.jpg,0,12,ダイニングバー・バル,"《大満足コース》テラス,半個室ok!前菜,ピザ,パスタ等…全10品＋樽生5種120分飲放題4000円(税込)","4,000"
